City ID,City,Country,Date,Lat,Lng,Max Temp,Humidity,Cloudiness,Wind Speed,Current Description
0,Tocopilla,CL,2022-09-25 22:24:23,-22.092,-70.1979,64.09,66,22,10.98,few clouds
1,Olafsvik,IS,2022-09-25 22:24:24,64.8945,-23.7142,45.07,62,1,10.96,clear sky
2,Arica,CL,2022-09-25 22:24:24,-18.475,-70.3042,63.95,67,0,11.5,clear sky
3,Rikitea,PF,2022-09-25 22:24:24,-23.1203,-134.9692,69.04,59,0,15.5,clear sky
4,Barrow,US,2022-09-25 22:24:25,71.2906,-156.7887,32.02,80,100,14.97,light snow
5,Albany,US,2022-09-25 22:24:25,42.6001,-73.9662,64.38,81,96,1.01,overcast clouds
6,Ghanzi,BW,2022-09-25 22:24:25,-21.5667,21.7833,75.2,20,0,11.56,clear sky
7,Arkadak,RU,2022-09-25 22:24:25,51.9326,43.4978,45.57,88,100,15.77,overcast clouds
8,Avarua,CK,2022-09-25 22:24:26,-21.2078,-159.775,78.85,73,75,13.8,broken clouds
9,Bartica,GY,2022-09-25 22:24:26,6.4,-58.6167,82.72,93,68,1.72,broken clouds
10,New Norfolk,AU,2022-09-25 22:24:26,-42.7826,147.0587,53.71,77,8,2.75,clear sky
11,Busselton,AU,2022-09-25 22:24:27,-33.65,115.3333,48.78,87,0,5.06,clear sky
12,Hobart,AU,2022-09-25 22:20:50,-42.8794,147.3294,54.05,74,0,8.05,clear sky
13,Carnarvon,AU,2022-09-25 22:24:27,-24.8667,113.6333,61.36,55,1,20.45,clear sky
14,East London,ZA,2022-09-25 22:21:56,-33.0153,27.9116,66.06,75,66,12.75,broken clouds
15,Kahului,US,2022-09-25 22:24:27,20.8947,-156.47,91.42,49,40,19.57,scattered clouds
16,Atuona,PF,2022-09-25 22:24:28,-9.8,-139.0333,76.89,76,25,18.28,scattered clouds
17,Parrita,CR,2022-09-25 22:24:28,9.5201,-84.3225,81.54,77,100,4.18,overcast clouds
18,Namibe,AO,2022-09-25 22:24:28,-15.1961,12.1522,64.06,75,82,8.41,broken clouds
19,Omsukchan,RU,2022-09-25 22:24:29,62.5333,155.8,26.62,88,100,0.87,overcast clouds
20,Iqaluit,CA,2022-09-25 22:24:29,63.7506,-68.5145,35.33,80,20,3.44,few clouds
21,Muhos,FI,2022-09-25 22:24:29,64.808,25.9931,44.38,92,75,4.74,broken clouds
22,Cuenca,EC,2022-09-25 22:23:51,-2.8833,-78.9833,53.73,87,75,13.8,thunderstorm with heavy rain
23,Lasa,IT,2022-09-25 22:24:30,46.6166,10.7002,50.88,95,100,2.93,overcast clouds
24,Luderitz,NA,2022-09-25 22:24:30,-26.6481,15.1594,55.02,80,71,3.78,broken clouds
25,Goderich,CA,2022-09-25 22:24:30,43.7501,-81.7165,60.91,72,100,12.66,overcast clouds
26,Alofi,NU,2022-09-25 22:24:31,-19.0595,-169.9187,75.09,94,100,3.44,overcast clouds
27,Nosy Varika,MG,2022-09-25 22:24:31,-20.5833,48.5333,66.09,91,33,3.11,light rain
28,Provideniya,RU,2022-09-25 22:24:31,64.3833,-173.3,39.36,81,100,13.42,overcast clouds
29,Bluff,NZ,2022-09-25 22:24:31,-46.6,168.3333,53.22,80,81,0.81,broken clouds
30,Hermanus,ZA,2022-09-25 22:24:32,-34.4187,19.2345,57.79,82,100,6.62,overcast clouds
31,Yellowknife,CA,2022-09-25 22:23:09,62.456,-114.3525,48.72,71,40,15.99,scattered clouds
32,Mataura,NZ,2022-09-25 22:24:32,-46.1927,168.8643,60.08,64,83,2.04,broken clouds
33,Ushuaia,AR,2022-09-25 22:24:33,-54.8,-68.3,47.86,46,75,10.36,broken clouds
34,Kefamenanu,ID,2022-09-25 22:24:33,-9.4467,124.4781,70.34,69,16,2.75,few clouds
35,Bandarbeyla,SO,2022-09-25 22:24:33,9.4942,50.8122,77.22,83,87,25.17,overcast clouds
36,Yuancheng,CN,2022-09-25 22:24:33,36.652,107.7896,54.68,70,2,2.51,clear sky
37,Medicine Hat,CA,2022-09-25 22:24:24,50.0501,-110.6683,78.85,28,40,9.22,scattered clouds
38,Cap Malheureux,MU,2022-09-25 22:24:34,-19.9842,57.6142,71.47,71,0,5.01,clear sky
39,Port Alfred,ZA,2022-09-25 22:24:34,-33.5906,26.891,60.19,87,88,4.0,overcast clouds
40,High Level,CA,2022-09-25 22:24:34,58.5169,-117.136,60.91,51,75,3.44,broken clouds
41,Wajima,JP,2022-09-25 22:24:35,37.4,136.9,69.98,77,99,5.55,overcast clouds
42,Westport,US,2022-09-25 22:24:35,41.1415,-73.3579,69.62,71,20,13.8,few clouds
43,Calvinia,ZA,2022-09-25 22:24:35,-31.4707,19.776,51.62,63,100,3.36,overcast clouds
44,Egvekinot,RU,2022-09-25 22:24:36,66.3167,-179.1667,28.6,73,63,15.86,broken clouds
45,Hofn,IS,2022-09-25 22:24:36,64.2539,-15.2082,41.47,52,0,21.97,clear sky
46,Sitka,US,2022-09-25 22:24:36,57.0531,-135.33,55.29,94,100,3.44,light rain
47,Cape Town,ZA,2022-09-25 22:28:45,-33.9258,18.4232,59.11,82,75,1.99,broken clouds
48,Mubi,NG,2022-09-25 22:31:48,10.2676,13.2644,75.52,74,83,3.15,broken clouds
49,Salalah,OM,2022-09-25 22:31:48,17.0151,54.0924,80.69,94,75,8.05,broken clouds
50,Khatanga,RU,2022-09-25 22:31:49,71.9667,102.5,26.56,96,100,13.0,light snow
51,Klaksvik,FO,2022-09-25 22:31:49,62.2266,-6.589,41.92,85,99,50.58,overcast clouds
52,Shiraz,IR,2022-09-25 22:31:49,29.6036,52.5388,71.04,24,0,4.61,clear sky
53,Mizdah,LY,2022-09-25 22:31:50,31.4451,12.9801,70.79,40,5,11.01,clear sky
54,Kaitangata,NZ,2022-09-25 22:31:50,-46.2817,169.8464,59.9,66,65,2.75,broken clouds
55,Punta Arenas,CL,2022-09-25 22:31:50,-53.15,-70.9167,44.71,76,75,8.05,broken clouds
56,Lorengau,PG,2022-09-25 22:31:51,-2.0226,147.2712,84.65,63,24,10.47,few clouds
57,Caravelas,BR,2022-09-25 22:31:51,-17.7125,-39.2481,71.58,82,100,9.48,overcast clouds
58,Port Elizabeth,ZA,2022-09-25 22:31:51,-33.918,25.5701,61.32,84,20,11.5,few clouds
59,Lucapa,AO,2022-09-25 22:31:52,-8.4192,20.7447,69.8,69,100,0.51,overcast clouds
60,Arkhangelskoye,RU,2022-09-25 22:31:52,55.8549,35.3287,41.97,98,100,4.72,overcast clouds
61,Nishihara,JP,2022-09-25 22:31:52,26.1842,127.7558,78.85,94,75,3.44,broken clouds
62,Seydi,TM,2022-09-25 22:31:53,39.4816,62.9137,74.59,14,0,11.16,clear sky
63,Pisco,PE,2022-09-25 22:28:49,-13.7,-76.2167,64.45,68,1,20.71,smoke
64,Ribeira Grande,PT,2022-09-25 22:31:53,38.5167,-28.7,71.53,71,62,17.67,broken clouds
65,Le Vauclin,MQ,2022-09-25 22:31:54,14.5452,-60.8388,82.45,78,40,9.22,scattered clouds
66,Jiuquan,CN,2022-09-25 22:31:54,39.7432,98.5174,54.97,23,89,1.63,overcast clouds
67,Longyearbyen,SJ,2022-09-25 22:31:54,78.2186,15.6401,44.44,76,75,10.36,broken clouds
68,Lebu,CL,2022-09-25 22:31:54,-37.6167,-73.65,49.55,83,86,7.76,overcast clouds
69,Kapaa,US,2022-09-25 22:31:55,22.0752,-159.319,86.11,68,0,10.36,clear sky
70,Hithadhoo,MV,2022-09-25 22:31:55,-0.6,73.0833,80.35,77,100,13.47,overcast clouds
71,Airai,TL,2022-09-25 22:31:55,-8.9266,125.4092,67.68,48,41,1.99,scattered clouds
72,Meulaboh,ID,2022-09-25 22:31:56,4.1363,96.1285,75.92,89,100,3.67,overcast clouds
73,Cap-Aux-Meules,CA,2022-09-25 22:27:16,47.3821,-61.8597,59.02,67,20,8.05,few clouds
74,Severo-Kurilsk,RU,2022-09-25 22:31:56,50.6789,156.125,51.26,90,98,23.51,overcast clouds
75,Sangmelima,CM,2022-09-25 22:31:57,2.9333,11.9833,67.95,99,100,4.18,overcast clouds
76,Necochea,AR,2022-09-25 22:31:57,-38.5473,-58.7368,51.04,91,100,12.75,overcast clouds
77,Porto Santo,PT,2022-09-25 22:31:57,33.072,-16.3415,70.18,68,40,13.8,scattered clouds
78,Castro,BR,2022-09-25 22:31:57,-24.7911,-50.0119,54.43,81,100,4.94,overcast clouds
79,Verkhnyaya Sinyachikha,RU,2022-09-25 22:31:58,57.976,61.6673,36.19,74,100,13.47,overcast clouds
80,Povenets,RU,2022-09-25 22:31:58,62.8487,34.8262,44.82,94,100,5.66,overcast clouds
81,Komsomolskiy,UZ,2022-09-25 22:31:58,40.4272,71.7189,65.12,42,0,6.91,clear sky
82,Marawi,PH,2022-09-25 22:31:59,7.9986,124.2928,71.13,83,99,7.31,overcast clouds
83,Katherine,AU,2022-09-25 22:31:59,-14.4667,132.2667,80.92,61,67,6.91,broken clouds
84,Saint-Philippe,RE,2022-09-25 22:31:59,-21.3585,55.7679,65.79,82,25,11.7,scattered clouds
85,Inirida,CO,2022-09-25 22:32:00,3.8653,-67.9239,77.07,89,100,1.97,overcast clouds
86,San Quintin,MX,2022-09-25 22:32:00,30.4833,-115.95,77.25,67,0,15.95,clear sky
87,Talnakh,RU,2022-09-25 22:32:00,69.4865,88.3972,24.21,75,34,2.55,scattered clouds
88,Gravdal,NO,2022-09-25 22:32:01,68.1214,13.5031,54.03,69,86,28.12,overcast clouds
89,Vaini,TO,2022-09-25 22:32:01,-21.2,-175.2,78.96,83,75,4.61,broken clouds
90,Taltal,CL,2022-09-25 22:32:01,-25.4,-70.4833,60.28,66,15,5.68,few clouds
91,Adrar,MR,2022-09-25 22:32:02,20.5022,-10.0711,93.9,27,78,7.81,broken clouds
92,Beloha,MG,2022-09-25 22:32:02,-25.1667,45.05,71.17,57,0,6.76,clear sky
93,Novobiryusinskiy,RU,2022-09-25 22:33:02,56.9578,97.7076,33.93,91,100,6.2,overcast clouds
94,Beringovskiy,RU,2022-09-25 22:33:03,63.05,179.3167,36.86,54,0,11.01,clear sky
95,Bredasdorp,ZA,2022-09-25 22:33:03,-34.5322,20.0403,53.92,96,100,3.15,overcast clouds
96,Dunedin,NZ,2022-09-25 22:33:03,-45.8742,170.5036,52.81,81,96,1.01,overcast clouds
97,Shalyhyne,UA,2022-09-25 22:33:04,51.5717,34.1217,49.06,68,97,6.06,overcast clouds
98,Tura,IN,2022-09-25 22:33:04,25.5198,90.2201,71.6,93,100,3.2,overcast clouds
99,Quatre Cocos,MU,2022-09-25 22:33:05,-20.2078,57.7625,71.1,79,6,15.23,clear sky
100,Pevek,RU,2022-09-25 22:33:05,69.7008,170.3133,31.05,67,7,1.9,clear sky
101,Rabo De Peixe,PT,2022-09-25 22:33:05,37.8,-25.5833,67.51,79,40,5.75,scattered clouds
102,Bonfim,BR,2022-09-25 22:33:06,3.0833,-59.95,80.82,70,23,7.36,light rain
103,Puerto Ayora,EC,2022-09-25 22:33:06,-0.7393,-90.3518,75.16,93,100,8.01,overcast clouds
104,Nikolskoye,RU,2022-09-25 22:33:07,59.7035,30.7861,48.09,95,100,0.67,overcast clouds
105,Saldanha,ZA,2022-09-25 22:33:07,-33.0117,17.9442,55.45,87,100,3.56,overcast clouds
106,Mar Del Plata,AR,2022-09-25 22:33:07,-38.0023,-57.5575,56.08,93,100,9.22,mist
107,Hami,CN,2022-09-25 22:33:07,42.8,93.45,67.48,18,3,8.46,clear sky
108,North Platte,US,2022-09-25 22:33:08,41.1239,-100.7654,77.11,26,25,13.0,scattered clouds
109,Huarmey,PE,2022-09-25 22:33:08,-10.0681,-78.1522,64.04,78,17,11.1,few clouds
110,Faanui,PF,2022-09-25 22:33:08,-16.4833,-151.75,78.17,76,19,18.1,few clouds
111,Cidreira,BR,2022-09-25 22:33:09,-30.1811,-50.2056,62.31,88,100,14.56,moderate rain
112,Wanaka,NZ,2022-09-25 22:29:44,-44.7,169.15,56.1,72,100,1.99,overcast clouds
113,Port Lincoln,AU,2022-09-25 22:30:23,-34.7333,135.8667,55.31,64,91,12.03,overcast clouds
114,Hovd,MN,2022-09-25 22:33:09,48.0056,91.6419,52.39,39,18,8.81,few clouds
115,Nabire,ID,2022-09-25 22:33:10,-3.3667,135.4833,79.14,80,73,1.9,broken clouds
116,Karratha,AU,2022-09-25 22:33:10,-20.7377,116.8463,74.3,29,0,16.33,clear sky
117,Celendin,PE,2022-09-25 22:33:10,-6.8703,-78.1517,54.12,71,99,6.44,light rain
118,Aguimes,ES,2022-09-25 22:33:11,27.9054,-15.4461,67.66,100,75,6.91,broken clouds
119,Jamestown,US,2022-09-25 22:30:32,42.097,-79.2353,61.02,72,100,11.5,overcast clouds
120,Benicarlo,ES,2022-09-25 22:33:11,40.4165,0.4271,68.25,55,48,8.7,scattered clouds
121,Naryan-Mar,RU,2022-09-25 22:33:09,67.6713,53.087,30.25,79,100,7.99,overcast clouds
122,Mahebourg,MU,2022-09-25 22:33:11,-20.4081,57.7,71.26,83,40,8.05,scattered clouds
123,Fortuna,US,2022-09-25 22:33:12,40.5982,-124.1573,70.09,80,9,6.33,clear sky
124,Hamilton,US,2022-09-25 22:30:23,39.1834,-84.5333,71.04,60,100,17.27,overcast clouds
125,Sao Filipe,CV,2022-09-25 22:33:12,14.8961,-24.4956,78.42,75,97,7.87,overcast clouds
126,Labuhan,ID,2022-09-25 22:33:13,-6.8844,112.2051,78.33,78,95,13.18,overcast clouds
127,Bongor,TD,2022-09-25 22:33:13,10.2806,15.3722,74.75,82,49,2.28,scattered clouds
128,Solnechnyy,RU,2022-09-25 22:33:13,50.7214,136.6319,50.5,90,99,9.13,overcast clouds
129,Hilo,US,2022-09-25 22:33:13,19.7297,-155.09,86.29,70,100,8.05,overcast clouds
130,Georgetown,MY,2022-09-25 22:32:30,5.4112,100.3354,80.89,90,20,3.44,few clouds
131,Pingshan,CN,2022-09-25 22:33:14,22.9938,114.7131,75.24,84,18,1.92,few clouds
132,Hopelchen,MX,2022-09-25 22:33:14,19.7667,-89.85,86.59,55,89,5.86,overcast clouds
133,Tiksi,RU,2022-09-25 22:33:15,71.6872,128.8694,34.23,79,91,23.49,overcast clouds
134,Nayoro,JP,2022-09-25 22:33:15,44.3506,142.4578,60.55,82,50,3.24,scattered clouds
135,Ballina,AU,2022-09-25 22:33:15,-28.8667,153.5667,67.01,84,12,2.98,few clouds
136,Butaritari,KI,2022-09-25 22:33:15,3.0707,172.7902,81.59,71,2,12.37,clear sky
137,Norman Wells,CA,2022-09-25 22:33:16,65.282,-126.8329,50.04,53,20,6.91,few clouds
138,Mount Isa,AU,2022-09-25 22:33:16,-20.7333,139.5,73.17,28,0,0.0,clear sky
139,Skwierzyna,PL,2022-09-25 22:34:16,52.5991,15.5065,55.49,75,46,4.74,scattered clouds
140,Zhanjiang,CN,2022-09-25 22:34:17,21.2815,110.3427,76.14,85,52,4.21,broken clouds
141,Poquoson,US,2022-09-25 22:34:17,37.1224,-76.3458,84.0,39,100,24.16,overcast clouds
142,Constitucion,CL,2022-09-25 22:33:22,-35.3333,-72.4167,49.73,76,38,9.66,scattered clouds
143,Ancud,CL,2022-09-25 22:34:17,-41.8697,-73.8203,48.22,76,100,17.67,overcast clouds
144,Broome,US,2022-09-25 22:34:18,42.2506,-75.833,61.54,85,20,12.66,few clouds
145,Dikson,RU,2022-09-25 22:33:09,73.5069,80.5464,32.52,80,100,17.36,overcast clouds
146,Enshi,CN,2022-09-25 22:34:18,30.3,109.4833,57.65,97,14,1.72,few clouds
147,Mana,GF,2022-09-25 22:34:19,5.6592,-53.7767,80.31,81,10,12.33,clear sky
148,Khandyga,RU,2022-09-25 22:34:19,62.6667,135.6,37.53,95,100,3.94,light rain
149,Tuktoyaktuk,CA,2022-09-25 22:34:19,69.4541,-133.0374,33.8,75,100,9.22,overcast clouds
150,Mokhsogollokh,RU,2022-09-25 22:34:20,61.4681,128.9203,31.48,91,49,5.66,scattered clouds
151,Dulovo,BG,2022-09-25 22:34:20,43.8167,27.15,59.56,63,55,8.43,broken clouds
152,Muros,ES,2022-09-25 22:34:20,42.7762,-9.0603,58.08,78,0,15.03,clear sky
153,Nicoya,CR,2022-09-25 22:34:21,10.1483,-85.452,76.66,92,100,3.62,overcast clouds
154,Mehamn,NO,2022-09-25 22:34:21,71.0357,27.8492,42.75,81,0,10.36,clear sky
155,Lagoa,PT,2022-09-25 22:34:21,39.05,-27.9833,70.5,66,58,20.47,broken clouds
156,Touba,CI,2022-09-25 22:34:22,8.2833,-7.6833,68.41,98,98,5.7,light rain
157,Ketchikan,US,2022-09-25 22:34:22,55.3422,-131.6461,57.67,94,100,12.66,heavy intensity rain
158,Udachnyy,RU,2022-09-25 22:34:22,66.4167,112.4,13.5,97,98,4.36,overcast clouds
159,Kruisfontein,ZA,2022-09-25 22:34:23,-34.0033,24.7314,57.88,94,100,4.65,overcast clouds
160,Yamada,JP,2022-09-25 22:34:23,39.4667,141.95,67.87,71,99,1.1,overcast clouds
161,Tessalit,ML,2022-09-25 22:34:23,20.1986,1.0114,92.35,17,85,0.98,overcast clouds
162,Amapa,BR,2022-09-25 22:34:24,1.0,-52.0,81.21,62,22,6.33,few clouds
163,San Patricio,US,2022-09-25 22:34:24,28.017,-97.5169,91.35,48,71,10.78,broken clouds
164,Qaanaaq,GL,2022-09-25 22:34:24,77.484,-69.3632,30.18,84,100,8.72,overcast clouds
165,Yatou,CN,2022-09-25 22:34:25,37.15,122.3833,63.66,76,6,2.24,clear sky
166,Surin,TH,2022-09-25 22:34:25,14.8818,103.4936,75.58,96,86,3.6,overcast clouds
167,Haines Junction,CA,2022-09-25 22:34:25,60.7522,-137.5108,53.55,43,100,2.3,overcast clouds
168,Bethel,US,2022-09-25 22:34:26,41.3712,-73.414,68.31,78,0,10.36,clear sky
169,Thompson,CA,2022-09-25 22:31:45,55.7435,-97.8558,48.36,49,40,13.8,scattered clouds
170,Peniche,PT,2022-09-25 22:34:26,39.3558,-9.3811,63.09,88,0,22.3,clear sky
171,Shagonar,RU,2022-09-25 22:34:26,51.5333,92.8,51.62,52,76,0.89,broken clouds
172,Ampanihy,MG,2022-09-25 22:34:27,-24.7,44.75,71.02,56,0,7.56,clear sky
173,Ixtapa,MX,2022-09-25 22:34:27,20.7,-105.2,90.23,74,75,8.05,broken clouds
174,Ayan,RU,2022-09-25 22:34:27,56.45,138.1667,42.89,87,100,9.64,light rain
175,Nanortalik,GL,2022-09-25 22:34:28,60.1432,-45.2371,50.97,97,100,18.14,light rain
176,Saurimo,AO,2022-09-25 22:34:28,-9.6608,20.3916,68.31,61,85,3.29,overcast clouds
177,Bengkulu,ID,2022-09-25 22:30:25,-3.8004,102.2655,75.09,87,99,3.18,overcast clouds
178,Vanavara,RU,2022-09-25 22:34:28,60.34,102.2797,27.55,93,84,3.27,broken clouds
179,Jalu,LY,2022-09-25 22:34:29,29.0331,21.5482,78.89,46,2,9.64,clear sky
180,Humberto De Campos,BR,2022-09-25 22:34:29,-2.5983,-43.4611,77.56,77,10,6.67,clear sky
181,Dobryanka,RU,2022-09-25 22:34:29,58.4619,56.4165,38.88,89,100,14.0,overcast clouds
182,Cascais,PT,2022-09-25 22:34:20,38.6979,-9.4215,65.05,96,1,28.99,clear sky
183,Dodge City,US,2022-09-25 22:35:30,37.7528,-100.0171,80.24,29,0,8.01,clear sky
184,Cabo San Lucas,MX,2022-09-25 22:30:35,22.8909,-109.9124,90.7,62,20,6.91,few clouds
185,Ishigaki,JP,2022-09-25 22:35:30,24.3448,124.1572,80.73,94,75,8.05,broken clouds
186,Upernavik,GL,2022-09-25 22:35:30,72.7868,-56.1549,32.56,66,98,2.86,overcast clouds
187,Vila Franca Do Campo,PT,2022-09-25 22:35:31,37.7167,-25.4333,68.41,75,31,11.48,scattered clouds
188,Raudeberg,NO,2022-09-25 22:35:31,61.9875,5.1352,52.47,1,100,23.4,overcast clouds
189,Amarante Do Maranhao,BR,2022-09-25 22:35:31,-5.5667,-46.7422,74.71,81,72,2.26,broken clouds
190,Gat,IL,2022-09-25 22:35:32,31.61,34.7642,81.39,46,0,5.79,clear sky
191,Lyuban,BY,2022-09-25 22:35:32,52.7985,28.0048,50.02,66,99,5.37,overcast clouds
192,Arcos,BR,2022-09-25 22:35:32,-20.2819,-45.5394,76.8,45,58,3.96,broken clouds
193,Montepuez,MZ,2022-09-25 22:35:32,-13.1256,38.9997,67.95,88,18,4.32,few clouds
194,Saskylakh,RU,2022-09-25 22:35:33,71.9167,114.0833,31.55,79,100,16.15,overcast clouds
195,Seoul,KR,2022-09-25 22:35:32,37.5683,126.9778,62.04,91,0,4.61,clear sky
196,Salamanca,ES,2022-09-25 22:35:33,40.8333,-6.0,56.62,53,60,15.5,broken clouds
197,Kalabo,ZM,2022-09-25 22:35:33,-14.97,22.6814,71.67,24,94,3.71,overcast clouds
198,Fonte Boa,BR,2022-09-25 22:35:34,-2.4959,-66.2662,80.82,69,68,3.22,light rain
199,Pandan,PH,2022-09-25 22:35:34,14.0453,124.1694,80.44,84,100,9.19,overcast clouds
200,Saint Austell,GB,2022-09-25 22:35:22,50.3383,-4.7658,55.63,80,100,14.56,overcast clouds
201,Nikki,BJ,2022-09-25 22:35:34,9.9401,3.2108,72.81,91,95,4.05,light rain
202,Sept-Iles,CA,2022-09-25 22:35:17,50.2001,-66.3821,51.8,75,40,3.44,scattered clouds
203,Mandali,IQ,2022-09-25 22:35:35,33.7499,45.5541,78.15,29,0,11.25,clear sky
204,Trinidad,BO,2022-09-25 22:35:35,-14.8333,-64.9,93.18,43,20,4.61,smoke
205,Boffa,GN,2022-09-25 22:35:35,10.1667,-14.0333,76.5,90,100,1.45,overcast clouds
206,Machiques,VE,2022-09-25 22:35:36,10.0644,-72.545,78.98,85,100,4.25,overcast clouds
207,Keti Bandar,PK,2022-09-25 22:35:36,24.1447,67.4497,81.7,68,99,10.78,overcast clouds
208,Victoria,HK,2022-09-25 22:33:32,22.2855,114.1577,82.45,81,24,8.99,few clouds
209,Umm Lajj,SA,2022-09-25 22:35:36,25.0213,37.2685,91.72,31,36,8.68,scattered clouds
210,Kansanshi,ZM,2022-09-25 22:35:37,-12.0951,26.4273,64.92,36,12,4.32,few clouds
211,Torbay,CA,2022-09-25 22:35:34,47.6666,-52.7314,54.57,82,40,18.41,scattered clouds
212,Svetlogorsk,BY,2022-09-25 22:35:37,52.6333,29.7333,46.69,75,86,5.1,overcast clouds
213,Chuy,UY,2022-09-25 22:35:38,-33.6971,-53.4616,58.59,78,99,11.74,overcast clouds
214,Puerto Escondido,MX,2022-09-25 22:31:07,15.85,-97.0667,85.03,54,100,6.91,overcast clouds
215,Yidu,CN,2022-09-25 22:35:38,24.1614,115.1328,73.11,68,5,2.82,clear sky
216,Clyde River,CA,2022-09-25 22:35:38,70.4692,-68.5914,35.83,87,100,6.91,overcast clouds
217,Vostok,RU,2022-09-25 22:35:39,46.4856,135.8833,54.09,61,36,3.94,scattered clouds
218,Sampit,ID,2022-09-25 22:35:39,-2.5333,112.95,74.5,97,100,1.19,overcast clouds
219,Batemans Bay,AU,2022-09-25 22:35:39,-35.7167,150.1833,59.09,63,96,2.04,overcast clouds
220,Varhaug,NO,2022-09-25 22:35:40,58.6147,5.6457,52.9,92,100,20.47,light rain
221,Cherskiy,RU,2022-09-25 22:35:40,68.75,161.3,33.28,61,45,5.44,scattered clouds
222,Guerrero Negro,MX,2022-09-25 22:34:11,27.9769,-114.0611,79.2,67,0,14.2,clear sky
223,Bangassou,CF,2022-09-25 22:35:40,4.7413,22.8184,68.36,98,64,1.68,light rain
224,Shache,CN,2022-09-25 22:35:41,38.4167,77.2406,69.71,41,6,2.19,clear sky
225,Rawson,AR,2022-09-25 22:35:41,-43.3002,-65.1023,54.48,72,59,19.51,broken clouds
226,Nador,MA,2022-09-25 22:35:41,35.174,-2.9287,71.85,73,0,4.61,clear sky
227,Eureka,US,2022-09-25 22:35:41,40.8021,-124.1637,89.74,74,15,1.99,few clouds
228,Laguna,US,2022-09-25 22:34:40,38.421,-121.4238,98.35,27,0,12.66,clear sky
229,Kerema,PG,2022-09-25 22:35:42,-7.9631,145.7785,82.36,75,99,2.91,overcast clouds
230,Port Hardy,CA,2022-09-25 22:36:42,50.6996,-127.4199,62.6,82,20,4.61,few clouds
231,Mustafakemalpasa,TR,2022-09-25 22:36:42,40.0353,28.4117,46.45,36,11,3.15,few clouds
232,Aklavik,CA,2022-09-25 22:36:43,68.2191,-135.0107,38.28,80,100,0.94,overcast clouds
233,Kholtoson,RU,2022-09-25 22:36:43,50.2981,103.3097,37.94,71,100,3.11,overcast clouds
234,Qasigiannguit,GL,2022-09-25 22:36:43,68.8193,-51.1922,35.85,76,100,6.11,overcast clouds
235,Petropavlovsk-Kamchatskiy,RU,2022-09-25 22:36:44,53.0452,158.6483,46.99,100,100,2.24,light intensity shower rain
236,Ostrovnoy,RU,2022-09-25 22:36:44,68.0531,39.5131,41.74,75,100,9.44,overcast clouds
237,Pirgos,GR,2022-09-25 22:36:44,35.1167,25.7178,67.62,61,0,1.83,clear sky
238,Esperance,AU,2022-09-25 22:36:45,-33.8667,121.9,58.19,73,46,9.53,scattered clouds
239,Burgeo,CA,2022-09-25 22:32:54,47.6167,-57.6152,54.12,82,26,13.0,scattered clouds
240,Flinders,AU,2022-09-25 22:36:45,-34.5833,150.8552,59.38,81,91,5.01,overcast clouds
241,Tete,MZ,2022-09-25 22:36:45,-16.1564,33.5867,82.49,42,75,3.44,broken clouds
242,Yinchuan,CN,2022-09-25 22:36:46,38.4681,106.2731,63.19,40,0,1.16,clear sky
243,Kangaatsiaq,GL,2022-09-25 22:36:46,68.3065,-53.4641,36.5,65,100,19.82,overcast clouds
244,Ust-Koksa,RU,2022-09-25 22:36:46,50.2696,85.6108,49.35,52,49,1.57,scattered clouds
245,Sao Joao Da Barra,BR,2022-09-25 22:36:47,-21.6403,-41.0511,71.69,77,7,11.43,clear sky
246,Codrington,AU,2022-09-25 22:36:47,-38.2667,141.9667,51.21,96,100,4.45,overcast clouds
247,Salaberry-De-Valleyfield,CA,2022-09-25 22:36:47,45.2501,-74.1325,58.82,84,100,3.44,light rain
248,Boras,SE,2022-09-25 22:36:48,57.721,12.9401,50.11,99,100,3.76,light rain
249,Ninotsminda,GE,2022-09-25 22:36:48,41.2646,43.5916,38.86,67,0,1.9,clear sky
250,Lompoc,US,2022-09-25 22:36:48,34.6391,-120.4579,87.01,72,0,10.36,clear sky
251,Baymak,RU,2022-09-25 22:36:49,52.5933,58.3225,44.42,86,19,14.85,few clouds
252,Ilhabela,BR,2022-09-25 22:36:49,-23.7781,-45.3581,67.14,84,71,10.25,broken clouds
253,Vanimo,PG,2022-09-25 22:36:49,-2.6741,141.3028,82.0,72,43,6.29,scattered clouds
254,Ilulissat,GL,2022-09-25 22:36:50,69.2167,-51.1,35.62,64,75,5.75,broken clouds
255,Manubul,PH,2022-09-25 22:36:50,5.4732,120.7986,82.49,74,99,6.11,overcast clouds
256,Saint-Marc,HT,2022-09-25 22:36:50,19.1082,-72.6938,83.1,70,80,5.59,broken clouds
257,Kita,ML,2022-09-25 22:36:51,13.0349,-9.4895,74.97,82,86,2.42,light rain
258,Lobito,AO,2022-09-25 22:36:51,-12.3481,13.5456,69.66,87,99,6.6,overcast clouds
259,Sinnamary,GF,2022-09-25 22:36:51,5.3833,-52.95,80.33,82,5,13.47,clear sky
260,Buta,CD,2022-09-25 22:36:52,2.7858,24.73,68.92,99,37,0.76,light rain
261,Tuyen Quang,VN,2022-09-25 22:36:52,21.8233,105.2181,71.8,98,11,2.62,few clouds
262,Bilma,NE,2022-09-25 22:36:52,18.6853,12.9164,92.03,12,18,5.41,few clouds
263,Homer,US,2022-09-25 22:36:52,59.6425,-151.5483,53.49,60,75,4.61,broken clouds
264,Katsuura,JP,2022-09-25 22:34:57,35.1333,140.3,72.39,76,20,8.37,few clouds
265,Atasu,KZ,2022-09-25 22:36:53,48.6814,71.6433,65.03,29,100,7.43,overcast clouds
266,Sabha,LY,2022-09-25 22:36:53,27.0377,14.4283,81.45,27,7,12.01,clear sky
267,Bourail,NC,2022-09-25 22:36:53,-21.5667,165.4833,79.68,60,0,5.79,clear sky
268,Corleone,IT,2022-09-25 22:36:54,37.8134,13.3017,72.64,89,100,6.53,overcast clouds
269,Osmaniye,TR,2022-09-25 22:36:54,37.0742,36.2478,69.26,27,0,3.65,clear sky
270,Nongstoin,IN,2022-09-25 22:36:54,25.5167,91.2667,63.43,95,100,2.35,light rain
271,Aberdeen,GB,2022-09-25 22:32:42,57.1437,-2.0981,54.09,79,40,6.91,scattered clouds
272,Massakory,TD,2022-09-25 22:36:55,12.996,15.7293,86.92,51,8,6.53,clear sky
273,Itarema,BR,2022-09-25 22:36:55,-2.9248,-39.9167,78.46,77,40,15.28,scattered clouds
274,Trat,TH,2022-09-25 22:36:55,12.5,102.5,79.88,93,100,0.94,overcast clouds
275,Dickinson,US,2022-09-25 22:36:56,29.4608,-95.0513,97.12,59,20,9.22,few clouds
276,San Felipe,VE,2022-09-25 22:36:56,10.3399,-68.7425,74.34,93,97,1.95,overcast clouds
277,Itoman,JP,2022-09-25 22:37:56,26.1247,127.6694,79.57,94,75,3.44,broken clouds
278,Moultrie,US,2022-09-25 22:37:56,31.1799,-83.7891,85.82,45,0,3.44,clear sky
279,Atar,MR,2022-09-25 22:37:57,20.5169,-13.0499,78.85,72,91,14.83,heavy intensity rain
280,Macia,MZ,2022-09-25 22:37:57,-25.0269,33.0989,72.03,57,0,10.47,clear sky
281,Jasidih,IN,2022-09-25 22:37:57,24.5167,86.65,76.66,87,99,1.34,overcast clouds
282,Faya,SA,2022-09-25 22:37:58,18.3851,42.4509,68.52,26,43,6.64,scattered clouds
283,Kodiak,US,2022-09-25 22:37:58,57.79,-152.4072,51.31,82,100,8.05,light rain
284,Tiznit,MA,2022-09-25 22:37:58,29.5833,-9.5,66.94,90,100,5.5,overcast clouds
285,Dhidhdhoo,MV,2022-09-25 22:37:59,6.8833,73.1,81.93,76,90,13.33,overcast clouds
286,Teguise,ES,2022-09-25 22:37:59,29.0605,-13.564,64.62,88,20,10.36,few clouds
287,Kavieng,PG,2022-09-25 22:37:59,-2.5744,150.7967,84.2,70,13,11.92,few clouds
288,Riyadh,SA,2022-09-25 22:38:00,24.6877,46.7219,87.94,27,46,16.69,scattered clouds
289,Baghdad,IQ,2022-09-25 22:37:49,33.3406,44.4009,76.91,33,0,13.8,clear sky
290,Ocos,GT,2022-09-25 22:38:00,14.5094,-92.1933,86.18,78,84,5.44,broken clouds
291,Vila Velha,BR,2022-09-25 22:33:56,-20.3297,-40.2925,69.94,87,100,2.3,overcast clouds
292,Touros,BR,2022-09-25 22:37:37,-5.1989,-35.4608,77.05,78,0,14.05,clear sky
293,Shetpe,KZ,2022-09-25 22:38:00,44.1667,52.1167,57.25,53,0,6.82,clear sky
294,Tasiilaq,GL,2022-09-25 22:38:01,65.6145,-37.6368,44.76,61,100,5.14,overcast clouds
295,Mitsamiouli,KM,2022-09-25 22:38:01,-11.3847,43.2844,75.99,81,49,7.65,scattered clouds
296,Natal,BR,2022-09-25 22:35:11,-5.795,-35.2094,80.82,78,20,9.22,few clouds
297,Gwadar,PK,2022-09-25 22:38:01,25.1216,62.3254,79.66,83,94,7.25,overcast clouds
298,Punuare,HN,2022-09-25 22:38:02,14.7333,-85.9667,92.16,84,54,3.67,broken clouds
299,Valparaiso,CL,2022-09-25 22:38:02,-33.0393,-71.6273,60.44,71,0,12.66,clear sky
300,Ahuimanu,US,2022-09-25 22:38:02,21.4447,-157.8378,86.94,68,0,9.22,clear sky
301,Khash,IR,2022-09-25 22:38:03,28.2211,61.2158,66.07,11,4,4.5,clear sky
302,Arlit,NE,2022-09-25 22:38:03,18.7369,7.3853,96.87,12,77,7.23,broken clouds
303,Sorland,NO,2022-09-25 22:38:03,67.667,12.6934,53.46,76,70,20.51,broken clouds
304,Ust-Omchug,RU,2022-09-25 22:38:04,61.15,149.6333,30.81,71,100,3.44,overcast clouds
305,Chahal,GT,2022-09-25 22:38:04,15.75,-89.5667,77.85,95,75,1.19,broken clouds
306,Sisimiut,GL,2022-09-25 22:38:04,66.9395,-53.6735,42.22,55,100,8.9,overcast clouds
307,Saint-Joseph,RE,2022-09-25 22:38:04,-21.3667,55.6167,64.78,80,14,10.71,few clouds
308,Vardo,NO,2022-09-25 22:38:05,70.3705,31.1107,44.58,87,5,9.22,clear sky
309,Uthal,PK,2022-09-25 22:38:05,25.8072,66.6219,80.29,74,60,3.8,broken clouds
310,Yulara,AU,2022-09-25 22:38:05,-25.2406,130.9889,62.49,67,40,20.98,scattered clouds
311,Barcelos,PT,2022-09-25 22:38:06,41.5388,-8.6151,64.85,66,11,6.67,few clouds
312,Chickasha,US,2022-09-25 22:38:06,35.0526,-97.9364,88.11,20,0,17.27,clear sky
313,Kibre Mengist,ET,2022-09-25 22:38:07,5.8833,38.9833,59.36,90,99,1.12,light rain
314,Zyryanskoye,RU,2022-09-25 22:38:07,56.8306,86.6258,34.29,89,98,7.9,overcast clouds
315,Nome,US,2022-09-25 22:38:07,64.5011,-165.4064,50.16,71,0,11.5,clear sky
316,Bambous Virieux,MU,2022-09-25 22:38:08,-20.3428,57.7575,71.22,83,40,8.05,scattered clouds
317,Turayf,SA,2022-09-25 22:38:08,31.6725,38.6637,71.85,49,0,8.05,clear sky
318,Santa Lucia,ES,2022-09-25 22:38:08,27.9117,-15.5407,62.76,100,75,6.91,broken clouds
319,San Cristobal,VE,2022-09-25 22:38:09,7.7669,-72.225,73.58,85,85,3.49,overcast clouds
320,Tuatapere,NZ,2022-09-25 22:38:09,-46.1333,167.6833,60.96,58,92,1.41,overcast clouds
321,Isangel,VU,2022-09-25 22:38:09,-19.55,169.2667,82.15,65,0,2.21,clear sky
322,Altamira,BR,2022-09-25 22:38:10,-3.2033,-52.2064,80.1,60,35,3.13,scattered clouds
323,Okhotsk,RU,2022-09-25 22:38:10,59.3833,143.3,42.85,55,89,5.03,overcast clouds
324,Nyakahanga,TZ,2022-09-25 22:38:10,-1.6033,31.1414,60.46,76,84,2.73,broken clouds
325,Hobyo,SO,2022-09-25 22:39:11,5.3505,48.5268,76.26,88,75,21.05,broken clouds
326,Caxito,AO,2022-09-25 22:39:11,-8.5785,13.6643,73.67,79,89,5.06,overcast clouds
327,Basna,IN,2022-09-25 22:39:11,21.2833,82.8167,73.69,87,98,0.45,overcast clouds
328,Tigzirt,DZ,2022-09-25 22:39:11,36.8886,4.1198,73.15,67,100,8.93,overcast clouds
329,Yenagoa,NG,2022-09-25 22:39:12,4.9247,6.2642,74.48,95,100,2.51,moderate rain
330,Darovskoy,RU,2022-09-25 22:39:12,58.77,47.9564,43.95,94,100,12.21,overcast clouds
331,Bereda,ES,2022-09-25 22:39:12,43.2686,-7.5406,53.42,100,6,5.37,clear sky
332,Sobolevo,RU,2022-09-25 22:39:13,54.4299,31.8996,46.27,70,100,7.96,overcast clouds
333,Ponta Do Sol,PT,2022-09-25 22:39:13,32.6667,-17.1,70.43,79,37,10.11,scattered clouds
334,Lazaro Cardenas,MX,2022-09-25 22:39:13,17.9583,-102.2,83.34,77,58,5.66,broken clouds
335,Riviere-Au-Renard,CA,2022-09-25 22:39:14,48.9957,-64.3971,50.29,78,20,7.99,few clouds
336,Ilo,PE,2022-09-25 22:39:14,-17.6394,-71.3375,60.64,79,1,10.94,clear sky
337,Skjervoy,NO,2022-09-25 22:39:14,70.0311,20.9714,53.6,77,1,22.66,clear sky
338,Hasaki,JP,2022-09-25 22:39:14,35.7333,140.8333,70.29,76,30,12.93,scattered clouds
339,Magalia,US,2022-09-25 22:39:15,39.8121,-121.5783,89.42,28,0,1.01,clear sky
340,Mokrous,RU,2022-09-25 22:39:15,51.2333,47.5167,49.28,79,100,14.52,overcast clouds
341,Nenjiang,CN,2022-09-25 22:39:15,49.1833,125.2167,43.57,52,41,9.48,scattered clouds
342,Datong,CN,2022-09-25 22:39:16,40.0936,113.2914,57.02,47,0,1.32,clear sky
343,Liverpool,GB,2022-09-25 22:36:03,53.4106,-2.9779,58.69,83,75,20.71,broken clouds
344,Moosburg,DE,2022-09-25 22:39:16,48.4667,11.9333,53.94,94,40,6.91,scattered clouds
345,Parsabad,IR,2022-09-25 22:39:16,39.6482,47.9174,61.57,74,0,5.14,clear sky
346,Pasinler,TR,2022-09-25 22:39:17,39.9803,41.6764,34.79,49,0,1.79,clear sky
347,Xining,CN,2022-09-25 22:35:37,36.6167,101.7667,47.16,75,100,1.99,overcast clouds
348,Boa Vista,BR,2022-09-25 22:39:17,2.8197,-60.6733,87.78,51,75,8.05,broken clouds
349,Kroya,ID,2022-09-25 22:39:17,-7.6331,109.2461,76.12,87,98,6.62,overcast clouds
350,Aleksandrovskoye,RU,2022-09-25 22:39:18,44.7142,43.0008,51.4,80,32,5.95,scattered clouds
351,Polva,EE,2022-09-25 22:39:18,58.0603,27.0694,37.98,88,39,3.65,scattered clouds
352,Pahrump,US,2022-09-25 22:36:52,36.2083,-115.9839,95.95,10,0,8.01,clear sky
353,Taoudenni,ML,2022-09-25 22:39:18,22.6783,-3.9836,98.28,13,100,8.52,overcast clouds
354,Khani,GE,2022-09-25 22:39:19,41.9563,42.9566,45.97,72,0,5.32,clear sky
355,Buin,CL,2022-09-25 22:39:19,-33.7333,-70.75,66.43,74,7,4.43,clear sky
356,Mianyang,CN,2022-09-25 22:39:19,31.4593,104.7542,65.01,92,99,2.55,overcast clouds
357,Ville-Marie,CA,2022-09-25 22:39:20,47.3335,-79.433,51.49,77,100,2.48,overcast clouds
358,Klyuchi,RU,2022-09-25 22:39:20,52.2667,79.1667,51.13,84,70,8.97,broken clouds
359,Areosa,PT,2022-09-25 22:39:20,41.7178,-8.8571,58.24,68,2,13.4,clear sky
360,Canon City,US,2022-09-25 22:39:21,38.441,-105.2424,78.4,26,0,7.0,clear sky
361,Wakkanai,JP,2022-09-25 22:39:21,45.4094,141.6739,64.17,80,92,12.24,overcast clouds
362,Wewak,PG,2022-09-25 22:39:21,-3.5534,143.6268,80.53,82,54,7.31,broken clouds
363,Takaka,NZ,2022-09-25 22:39:21,-40.85,172.8,55.56,69,100,3.83,overcast clouds
364,Vestmanna,FO,2022-09-25 22:39:22,62.1564,-7.1664,40.12,81,100,56.39,light rain
365,Limbang,MY,2022-09-25 22:39:22,4.75,115.0,75.31,94,98,1.97,overcast clouds
366,Nuevo Casas Grandes,MX,2022-09-25 22:39:22,30.4167,-107.9167,80.74,42,43,7.0,scattered clouds
367,Bathsheba,BB,2022-09-25 22:39:23,13.2167,-59.5167,79.41,89,75,16.11,broken clouds
368,Mariental,NA,2022-09-25 22:39:23,-24.6333,17.9667,65.93,17,63,5.46,broken clouds
369,Bosaso,SO,2022-09-25 22:39:23,11.2842,49.1816,86.9,53,6,4.61,clear sky
370,Kropotkin,RU,2022-09-25 22:39:24,45.4375,40.5756,52.47,75,46,6.53,scattered clouds
371,Ardakan,IR,2022-09-25 22:39:24,32.31,54.0175,78.24,13,0,2.86,clear sky
372,Bathurst,AU,2022-09-25 22:39:24,-33.4166,149.5806,51.42,59,100,2.06,light rain
373,Yhu,PY,2022-09-25 22:39:25,-25.05,-55.9167,59.47,98,100,8.59,overcast clouds
374,Black River,JM,2022-09-25 22:40:25,18.0264,-77.8487,78.76,84,100,9.31,overcast clouds
375,Husavik,IS,2022-09-25 22:40:25,66.0449,-17.3389,38.97,63,98,25.9,overcast clouds
376,San Severo,IT,2022-09-25 22:40:25,41.6897,15.376,64.63,84,90,7.52,overcast clouds
377,Olutanga,PH,2022-09-25 22:40:26,7.3106,122.8464,81.19,76,100,6.38,light rain
378,Tadine,NC,2022-09-25 22:40:26,-21.55,167.8833,78.51,70,8,5.5,clear sky
379,Tambun,ID,2022-09-25 22:40:26,-6.2641,107.0712,81.48,75,88,2.71,overcast clouds
380,Cockburn Town,TC,2022-09-25 22:40:27,21.4612,-71.1419,82.72,81,29,17.92,scattered clouds
381,Kudahuvadhoo,MV,2022-09-25 22:40:27,2.6708,72.8944,80.89,73,100,12.73,overcast clouds
382,San Martin,AR,2022-09-25 22:40:27,-33.081,-68.4681,66.74,28,34,8.19,scattered clouds
383,Santa Rosalia,MX,2022-09-25 22:40:28,27.3167,-112.2833,89.46,47,0,6.04,clear sky
384,Kitui,KE,2022-09-25 22:40:28,-1.367,38.0106,63.5,85,71,11.23,broken clouds
385,Paracuru,BR,2022-09-25 22:40:28,-3.41,-39.0306,80.11,77,6,13.09,clear sky
386,Porto Velho,BR,2022-09-25 22:40:29,-8.7619,-63.9039,87.85,51,0,1.14,clear sky
387,Soyo,AO,2022-09-25 22:40:29,-6.1349,12.3689,74.46,85,71,10.78,broken clouds
388,Oistins,BB,2022-09-25 22:37:19,13.0667,-59.5333,78.89,89,75,16.11,broken clouds
389,Hambantota,LK,2022-09-25 22:40:29,6.1241,81.1185,78.4,82,100,11.43,overcast clouds
390,Meaux,FR,2022-09-25 22:40:30,48.9167,3.0,54.63,77,51,5.39,broken clouds
391,Price,US,2022-09-25 22:40:30,39.5994,-110.8107,79.86,13,0,6.91,clear sky
392,Broken Hill,AU,2022-09-25 22:40:30,-31.95,141.4333,62.49,63,91,7.94,overcast clouds
393,Beidao,CN,2022-09-25 22:40:31,34.5686,105.8933,56.66,91,85,3.51,overcast clouds
394,Marzuq,YE,2022-09-25 22:40:31,14.4,46.4667,76.93,48,24,4.92,few clouds
395,Mareeba,AU,2022-09-25 22:40:31,-17.0,145.4333,78.44,77,27,5.79,scattered clouds
396,Acatic,MX,2022-09-25 22:40:31,20.7833,-102.8833,83.75,38,36,2.39,scattered clouds
397,Kavaratti,IN,2022-09-25 22:40:32,10.5669,72.642,81.34,74,46,14.97,scattered clouds
398,Gordeyevka,RU,2022-09-25 22:40:32,52.9569,31.9703,48.88,63,100,6.26,overcast clouds
399,Alice Springs,AU,2022-09-25 22:40:32,-23.7,133.8833,70.21,35,40,17.27,scattered clouds
400,Padang,ID,2022-09-25 22:40:33,-0.9492,100.3543,76.26,86,100,3.38,light rain
401,Kloulklubed,PW,2022-09-25 22:40:33,7.0419,134.2556,79.3,72,100,5.88,overcast clouds
402,Shambu,ET,2022-09-25 22:40:33,9.5667,37.1,50.97,94,100,1.63,light rain
403,Sakakah,SA,2022-09-25 22:40:34,29.9697,40.2064,81.97,31,0,9.95,clear sky
404,Sabzevar,IR,2022-09-25 22:40:34,36.2126,57.6819,74.48,50,0,11.5,clear sky
405,Awbari,LY,2022-09-25 22:40:34,26.5921,12.7805,83.57,28,32,13.85,scattered clouds
406,Porto Novo,BJ,2022-09-25 22:40:34,6.4965,2.6036,78.62,92,100,4.25,moderate rain
407,Grindavik,IS,2022-09-25 22:40:35,63.8424,-22.4338,44.55,75,20,6.91,few clouds
408,Mangochi,MW,2022-09-25 22:40:35,-14.4782,35.2645,74.23,52,63,1.39,broken clouds
409,Jinxiang,CN,2022-09-25 22:40:35,27.4327,120.6062,72.84,79,88,9.17,overcast clouds
410,Port-Cartier,CA,2022-09-25 22:40:36,50.0334,-66.8654,51.48,69,11,2.95,few clouds
411,Antofagasta,CL,2022-09-25 22:40:36,-23.65,-70.4,58.28,74,33,7.4,scattered clouds
412,Ottawa,CA,2022-09-25 22:39:30,45.4112,-75.6981,59.04,82,100,4.61,overcast clouds
413,Arkadelphia,US,2022-09-25 22:40:36,34.1209,-93.0538,92.37,51,0,6.91,clear sky
414,Guymon,US,2022-09-25 22:40:37,36.6828,-101.4816,80.6,21,0,8.05,clear sky
415,Shuya,RU,2022-09-25 22:40:37,56.8487,41.3883,42.62,94,99,4.23,overcast clouds
416,Pyinmana,MM,2022-09-25 22:40:37,19.7333,96.2167,72.86,97,93,2.33,light rain
417,Upington,ZA,2022-09-25 22:40:38,-28.4478,21.2561,66.58,39,100,6.91,overcast clouds
418,Chokurdakh,RU,2022-09-25 22:40:38,70.6333,147.9167,30.18,81,100,12.15,overcast clouds
419,Jacareacanga,BR,2022-09-25 22:40:38,-6.2222,-57.7528,87.22,39,93,2.53,moderate rain
420,Vestmannaeyjar,IS,2022-09-25 22:40:38,63.4427,-20.2734,46.45,69,0,18.54,clear sky
421,Partur,IN,2022-09-25 22:40:39,19.6,76.2167,75.43,81,93,5.17,overcast clouds
422,Chapais,CA,2022-09-25 22:40:39,49.7834,-74.8492,55.18,67,100,3.33,overcast clouds
423,Lao Cai,VN,2022-09-25 22:41:39,22.4833,103.95,72.48,95,55,0.98,broken clouds
424,Polovinnoye,RU,2022-09-25 22:41:40,54.7914,65.9864,47.5,78,100,19.33,overcast clouds
425,Kautokeino,NO,2022-09-25 22:41:40,69.0125,23.0412,39.81,90,89,14.29,overcast clouds
426,Benghazi,LY,2022-09-25 22:41:40,32.1167,20.0667,75.54,60,0,8.39,clear sky
427,George Town,MY,2022-09-25 22:41:41,5.4112,100.3354,79.9,90,20,3.44,few clouds
428,Camacupa,AO,2022-09-25 22:41:41,-12.0167,17.4833,68.58,57,47,4.09,scattered clouds
429,Mount Gambier,AU,2022-09-25 22:41:41,-37.8333,140.7667,53.51,94,100,5.75,light rain
430,Bac Lieu,VN,2022-09-25 22:41:42,9.285,105.7244,78.06,85,100,5.32,overcast clouds
431,Saint George,US,2022-09-25 22:37:14,37.1041,-113.5841,93.25,12,0,3.44,clear sky
432,Chalmette,US,2022-09-25 22:41:42,29.9427,-89.9634,91.99,53,0,4.61,clear sky
433,Parlakimidi,IN,2022-09-25 22:41:42,18.7667,84.0833,76.24,91,100,2.44,overcast clouds
434,Sulangan,PH,2022-09-25 22:41:43,11.1373,123.7228,81.14,81,100,10.58,overcast clouds
435,Shimoda,JP,2022-09-25 22:41:43,34.6667,138.95,72.1,79,33,4.65,scattered clouds
436,Bundaberg,AU,2022-09-25 22:41:43,-24.85,152.35,75.22,72,0,4.0,clear sky
437,Charters Towers,AU,2022-09-25 22:41:44,-20.1,146.2667,77.9,55,13,13.24,few clouds
438,Savannah Bight,HN,2022-09-25 22:41:44,16.45,-85.85,83.39,71,33,9.55,scattered clouds
439,Buraydah,SA,2022-09-25 22:41:44,26.326,43.975,77.45,32,1,8.84,clear sky
440,Paamiut,GL,2022-09-25 22:41:45,61.994,-49.6678,45.9,99,100,14.23,moderate rain
441,Sur,OM,2022-09-25 22:41:45,22.5667,59.5289,82.85,67,6,9.31,clear sky
442,Shingu,JP,2022-09-25 22:41:45,33.7333,135.9833,75.97,90,86,4.16,overcast clouds
443,Laela,TZ,2022-09-25 22:41:45,-8.5667,32.05,63.37,51,18,3.04,few clouds
444,Trincomalee,LK,2022-09-25 22:41:46,8.5711,81.2335,78.89,82,86,10.38,overcast clouds
445,Pasighat,IN,2022-09-25 22:41:46,28.0667,95.3333,71.33,95,97,3.13,overcast clouds
446,Havelock,US,2022-09-25 22:41:46,34.8791,-76.9013,78.76,76,49,3.0,scattered clouds
447,Tiarei,PF,2022-09-25 22:41:47,-17.5333,-149.3333,82.0,79,36,22.12,light rain
448,Roald,NO,2022-09-25 22:41:47,62.5833,6.1333,57.34,62,40,18.41,scattered clouds
449,Mookane,BW,2022-09-25 22:41:47,-23.688,26.6595,73.56,25,0,9.66,clear sky
450,Kakrala,IN,2022-09-25 22:41:48,27.9,79.2,74.01,92,27,2.35,scattered clouds
451,Mayumba,GA,2022-09-25 22:41:48,-3.432,10.6554,75.47,86,100,7.2,light rain
452,Bowen,AU,2022-09-25 22:41:48,-20.0167,148.2333,77.9,59,0,12.03,clear sky
453,Saveh,IR,2022-09-25 22:41:49,35.0213,50.3566,69.4,51,0,5.55,clear sky
454,Campina Verde,BR,2022-09-25 22:41:49,-19.5356,-49.4864,83.73,37,81,6.35,broken clouds
455,Najran,SA,2022-09-25 22:41:49,17.4924,44.1277,77.65,21,7,3.83,clear sky
456,North Bend,US,2022-09-25 22:41:50,43.4065,-124.2243,83.25,84,75,13.8,broken clouds
457,Tawang,IN,2022-09-25 22:41:50,27.5833,91.8667,52.66,95,100,0.31,overcast clouds
458,Winnemucca,US,2022-09-25 22:40:54,40.973,-117.7357,87.85,8,0,3.74,clear sky
459,Tanakpur,IN,2022-09-25 22:41:50,29.0833,80.1167,70.99,82,45,4.41,scattered clouds
460,Thurso,GB,2022-09-25 22:40:50,58.5927,-3.5259,50.86,75,45,29.89,scattered clouds
461,Hay River,CA,2022-09-25 22:41:51,60.8156,-115.7999,62.58,36,40,10.36,smoke
462,Nizhniy Tsasuchey,RU,2022-09-25 22:41:51,50.5167,115.1333,38.91,84,95,7.05,overcast clouds
463,Lavrentiya,RU,2022-09-25 22:41:51,65.5833,-171.0,40.06,74,100,8.25,overcast clouds
464,Tzucacab,MX,2022-09-25 22:41:52,20.0667,-89.05,92.14,39,33,6.6,scattered clouds
465,Nemuro,JP,2022-09-25 22:41:52,43.3236,145.575,63.61,80,100,7.02,overcast clouds
466,San Onofre,CO,2022-09-25 22:41:52,9.7359,-75.5263,78.73,84,100,4.72,overcast clouds
467,Bay Roberts,CA,2022-09-25 22:41:53,47.5999,-53.2648,55.33,83,94,5.99,overcast clouds
468,Namalenga,TZ,2022-09-25 22:42:53,-10.95,39.1,68.14,89,11,4.36,few clouds
469,Kosonsoy,UZ,2022-09-25 22:42:53,41.2561,71.5508,61.36,27,0,7.58,clear sky
470,Olavarria,AR,2022-09-25 22:42:54,-36.8927,-60.3225,64.02,55,100,6.71,overcast clouds
471,Suileng,CN,2022-09-25 22:42:54,47.25,127.0833,48.31,40,1,7.81,clear sky
472,Olean,US,2022-09-25 22:42:54,42.0776,-78.4297,63.18,100,100,0.0,overcast clouds
473,Qiryat Gat,IL,2022-09-25 22:39:53,31.61,34.7642,81.39,46,0,5.79,clear sky
474,Katima Mulilo,NA,2022-09-25 22:42:55,-17.5,24.2667,72.28,27,17,6.71,few clouds
475,Nova Olinda Do Norte,BR,2022-09-25 22:42:55,-3.8881,-59.0942,90.46,29,31,2.39,scattered clouds
476,Kichmengskiy Gorodok,RU,2022-09-25 22:42:55,59.9816,45.7854,44.8,89,100,13.47,overcast clouds
477,Gannan,CN,2022-09-25 22:42:56,47.9147,123.5031,46.81,35,60,9.78,broken clouds
478,Oktyabrskoye,RU,2022-09-25 22:42:56,43.0645,44.7417,39.34,100,24,6.71,few clouds
479,Kanker,IN,2022-09-25 22:42:56,20.2719,81.4931,71.6,94,60,1.72,broken clouds
480,Arraial Do Cabo,BR,2022-09-25 22:41:24,-22.9661,-42.0278,71.46,73,75,11.5,broken clouds
481,Stornoway,GB,2022-09-25 22:42:57,58.2093,-6.3865,48.92,82,72,4.0,broken clouds
482,Half Moon Bay,US,2022-09-25 22:42:57,37.4636,-122.4286,85.87,71,100,19.57,mist
483,Vigrestad,NO,2022-09-25 22:42:57,58.5667,5.7,52.59,92,100,20.49,light rain
484,Angoche,MZ,2022-09-25 22:42:57,-16.2325,39.9086,73.02,86,38,7.87,scattered clouds
485,Portland,US,2022-09-25 22:42:54,45.5234,-122.6762,91.94,37,0,9.22,clear sky
486,College,US,2022-09-25 22:42:58,64.8569,-147.8028,54.59,59,75,4.61,broken clouds
487,Nouakchott,MR,2022-09-25 22:42:58,18.0858,-15.9785,82.33,80,100,6.58,overcast clouds
488,Warwick,US,2022-09-25 22:41:08,41.7001,-71.4162,68.45,81,75,17.27,broken clouds
489,Hualmay,PE,2022-09-25 22:42:59,-11.0964,-77.6139,62.46,79,15,9.98,few clouds
490,Jagalur,IN,2022-09-25 22:42:59,14.5333,76.35,69.57,90,100,12.73,overcast clouds
491,Notodden,NO,2022-09-25 22:42:59,59.5594,9.2585,50.95,90,100,6.31,light rain
492,Mkushi,ZM,2022-09-25 22:43:00,-13.6202,29.3939,68.14,46,21,8.72,few clouds
493,Mahanoro,MG,2022-09-25 22:43:00,-19.9,48.8,68.02,85,57,2.19,light rain
494,Snezhnogorsk,RU,2022-09-25 22:43:00,69.1933,33.2531,33.58,77,80,5.91,broken clouds
495,Pingzhuang,CN,2022-09-25 22:43:01,42.0372,119.2889,56.68,48,3,6.11,clear sky
496,Gold Coast,AU,2022-09-25 22:43:01,-28.0,153.4333,73.18,85,0,5.75,clear sky
497,Bluefield,US,2022-09-25 22:43:01,37.2698,-81.2223,65.79,83,0,9.22,clear sky
498,Srednekolymsk,RU,2022-09-25 22:43:02,67.45,153.6833,35.46,62,19,9.22,few clouds
499,Okahandja,NA,2022-09-25 22:43:02,-21.9833,16.9167,60.94,24,90,6.93,overcast clouds
500,Baijiantan,CN,2022-09-25 22:43:02,45.6333,85.1833,72.09,28,4,4.52,clear sky
501,Vukovar,HR,2022-09-25 22:43:03,45.3433,18.9997,58.06,94,0,8.05,clear sky
502,Avaton,GR,2022-09-25 22:43:03,40.9667,24.8,65.95,74,51,3.02,light rain
503,Saint-Francois,FR,2022-09-25 22:42:23,46.4154,3.9054,51.24,93,53,1.14,mist
504,Berlevag,NO,2022-09-25 22:43:03,70.8578,29.0864,42.8,81,0,10.36,clear sky
505,Ekimchan,RU,2022-09-25 22:43:04,53.0667,132.9667,49.57,90,92,5.55,light rain
506,Ewa Beach,US,2022-09-25 22:41:24,21.3156,-158.0072,87.17,64,0,9.22,clear sky
507,Ordynskoye,RU,2022-09-25 22:43:04,54.3656,81.8994,40.15,84,100,10.69,overcast clouds
508,Auki,SB,2022-09-25 22:43:05,-8.7676,160.7034,84.09,65,55,2.77,broken clouds
509,Nhulunbuy,AU,2022-09-25 22:43:05,-12.2333,136.7667,81.21,78,79,4.61,broken clouds
510,Coihaique,CL,2022-09-25 22:40:02,-45.5752,-72.0662,48.15,61,75,4.61,broken clouds
511,Platteville,US,2022-09-25 22:43:05,42.7342,-90.4785,71.24,42,40,19.57,scattered clouds
512,Masvingo,ZW,2022-09-25 22:43:05,-20.0637,30.8277,68.14,39,5,7.14,clear sky
513,Rosarno,IT,2022-09-25 22:43:06,38.4841,15.979,74.34,84,100,6.4,overcast clouds
514,Marsh Harbour,BS,2022-09-25 22:44:06,26.5412,-77.0636,83.07,74,12,11.41,few clouds
515,Guanica,PR,2022-09-25 22:44:07,17.9716,-66.908,82.94,85,80,7.74,broken clouds
516,Presidencia Roque Saenz Pena,AR,2022-09-25 22:44:07,-26.7852,-60.4388,69.48,33,0,6.62,clear sky
517,Suntar,RU,2022-09-25 22:44:07,62.1444,117.6319,27.19,89,79,4.54,broken clouds
518,Egra,CZ,2022-09-25 22:44:08,50.0796,12.3739,52.18,98,98,4.32,overcast clouds
519,Waipawa,NZ,2022-09-25 22:44:08,-41.4122,175.5153,53.73,60,98,11.77,overcast clouds
520,Chany,RU,2022-09-25 22:44:08,55.3121,76.7647,35.49,75,99,10.25,overcast clouds
521,Barlinek,PL,2022-09-25 22:44:08,52.9946,15.2186,52.59,85,47,6.08,scattered clouds
522,Pilar,BR,2022-09-25 22:44:09,-9.5972,-35.9567,75.13,89,10,3.67,clear sky
523,Kibala,TD,2022-09-25 22:44:09,9.1104,18.3463,74.17,93,90,1.19,overcast clouds
524,Dublin,US,2022-09-25 22:42:57,37.7021,-121.9358,93.24,47,0,12.66,clear sky
525,Coahuayana,MX,2022-09-25 22:44:10,18.7333,-103.6833,85.19,76,54,4.99,broken clouds
526,Biak,ID,2022-09-25 22:44:10,-0.9131,122.8766,77.58,77,72,7.0,broken clouds
527,Carballo,ES,2022-09-25 22:44:10,43.213,-8.691,57.0,85,0,6.73,clear sky
528,Rio Gallegos,AR,2022-09-25 22:44:11,-51.6226,-69.2181,51.85,37,100,14.97,overcast clouds
529,Jibuti,DJ,2022-09-25 22:42:14,11.5,42.5,85.95,43,6,0.94,clear sky
530,Vallenar,CL,2022-09-25 22:44:11,-28.5708,-70.7581,64.62,37,24,3.65,few clouds
531,Miri,MY,2022-09-25 22:44:11,4.4148,114.0089,75.34,94,40,2.3,light rain
532,Te Anau,NZ,2022-09-25 22:44:12,-45.4167,167.7167,57.81,61,88,2.33,overcast clouds
533,Geraldton,AU,2022-09-25 22:44:12,-28.7667,114.6,45.01,93,0,3.44,clear sky
534,Powell River,CA,2022-09-25 22:44:12,49.8496,-124.5361,72.03,60,0,6.91,clear sky
535,Puerto Madryn,AR,2022-09-25 22:44:13,-42.7692,-65.0385,53.96,78,34,18.52,scattered clouds
536,Muscat,OM,2022-09-25 22:44:13,23.6139,58.5922,84.22,63,6,8.32,clear sky
537,Gondar,ET,2022-09-25 22:44:14,12.6,37.4667,60.17,64,99,4.41,overcast clouds
538,Qinzhou,CN,2022-09-25 22:44:14,21.95,108.6167,76.05,76,5,5.48,clear sky
539,Santa Maria Do Para,BR,2022-09-25 22:44:14,-1.3503,-47.5756,76.82,78,28,8.68,scattered clouds
540,Nyurba,RU,2022-09-25 22:44:15,63.2842,118.3319,24.39,95,53,5.93,broken clouds
541,Mildura,AU,2022-09-25 22:44:15,-34.2,142.15,62.83,60,87,5.01,overcast clouds
542,Baykit,RU,2022-09-25 22:44:15,61.67,96.37,28.27,91,100,1.95,overcast clouds
543,Brodokalmak,RU,2022-09-25 22:44:16,55.5748,62.082,45.5,93,100,19.13,moderate rain
544,Kapit,MY,2022-09-25 22:44:16,2.0167,112.9333,73.17,99,100,1.45,overcast clouds
545,Weyburn,CA,2022-09-25 22:44:16,49.6668,-103.8511,66.42,20,61,11.5,broken clouds
546,Port-Gentil,GA,2022-09-25 22:44:17,-0.7193,8.7815,78.76,83,40,12.66,scattered clouds
547,Lata,PT,2022-09-25 22:44:17,40.1629,-8.3327,59.07,65,12,3.42,few clouds
548,Makakilo City,US,2022-09-25 22:44:17,21.3469,-158.0858,85.75,64,0,9.22,clear sky
549,Providencia,MX,2022-09-25 22:44:18,28.7167,-111.5833,103.23,37,1,6.11,clear sky
550,Maua,BR,2022-09-25 22:44:18,-23.6678,-46.4614,61.09,93,67,6.24,broken clouds
551,Fairbanks,US,2022-09-25 22:44:18,64.8378,-147.7164,54.61,59,40,4.61,scattered clouds
552,Xocali,AZ,2022-09-25 22:44:19,39.913,46.7903,54.68,75,0,3.27,clear sky
553,Trelew,AR,2022-09-25 22:43:23,-43.249,-65.3051,55.78,68,77,18.48,broken clouds
554,Nadym,RU,2022-09-25 22:45:19,65.5333,72.5167,30.36,96,40,10.49,scattered clouds
555,Atambua,ID,2022-09-25 22:45:19,-9.1061,124.8925,78.42,55,32,1.97,scattered clouds
556,Araxa,BR,2022-09-25 22:45:20,-19.5933,-46.9406,80.56,44,0,3.44,clear sky
557,Slobodskoy,RU,2022-09-25 22:45:20,58.7322,50.1772,43.9,91,100,15.55,light rain
558,Yumen,CN,2022-09-25 22:45:20,40.2833,97.2,55.27,19,56,1.86,broken clouds
559,Hanna,CA,2022-09-25 22:42:22,51.6334,-111.9018,71.85,23,36,3.0,scattered clouds
560,Orchard Homes,US,2022-09-25 22:45:21,46.8633,-114.0484,81.59,31,0,3.44,clear sky
561,Grimshaw,CA,2022-09-25 22:45:21,56.1834,-117.6027,65.82,52,75,11.5,broken clouds
562,Samsun,TR,2022-09-25 22:45:21,41.25,36.3333,57.99,99,0,4.61,clear sky
563,Ruwi,OM,2022-09-25 22:45:22,23.5996,58.5507,83.89,59,6,7.34,clear sky
564,Balabac,PH,2022-09-25 22:45:22,7.9868,117.0645,82.08,78,100,18.03,overcast clouds
565,Abnub,EG,2022-09-25 22:45:23,27.2696,31.1511,88.02,24,0,1.72,clear sky
566,Whitehorse,CA,2022-09-25 22:45:23,60.7161,-135.0538,52.57,66,100,11.5,overcast clouds
567,Pandharpur,IN,2022-09-25 22:45:23,17.6667,75.3333,75.96,76,96,12.68,overcast clouds
568,Puro,PH,2022-09-25 22:45:24,12.4841,123.3827,79.07,86,100,6.11,overcast clouds
569,Varzea Grande,BR,2022-09-25 22:45:24,-15.6467,-56.1325,87.67,48,75,4.61,broken clouds
570,Nizhniy Kuranakh,RU,2022-09-25 22:45:24,58.8353,125.4869,31.14,84,94,6.78,overcast clouds
571,Halifax,CA,2022-09-25 22:43:59,44.6453,-63.5724,61.45,80,48,14.97,scattered clouds
572,Sorata,BO,2022-09-25 22:45:25,-15.7667,-68.6333,46.83,86,43,8.46,scattered clouds
573,Starobaltachevo,RU,2022-09-25 22:45:25,56.0013,55.9213,50.72,90,100,6.82,overcast clouds
574,Siyabuswa,ZA,2022-09-25 22:45:25,-25.1132,29.0445,71.33,30,0,5.59,clear sky
575,Kimbe,PG,2022-09-25 22:45:26,-5.5502,150.1429,84.76,69,16,0.22,few clouds
576,Asau,RO,2022-09-25 22:45:26,46.4333,26.4,52.72,69,100,5.32,overcast clouds
577,Xiamen,CN,2022-09-25 22:45:26,24.4798,118.0819,79.25,65,0,8.95,clear sky
578,Yar-Sale,RU,2022-09-25 22:45:27,66.8333,70.8333,27.73,92,18,10.89,few clouds
579,Akyab,MM,2022-09-25 22:45:27,20.15,92.9,78.19,88,100,4.09,moderate rain
580,Sungaipenuh,ID,2022-09-25 22:45:27,-2.0833,101.3833,64.67,93,99,0.58,overcast clouds
581,Yarada,IN,2022-09-25 22:45:28,17.65,83.2667,80.11,81,88,3.11,overcast clouds
582,Coquimbo,CL,2022-09-25 22:45:28,-29.9533,-71.3436,56.93,82,20,11.5,few clouds
583,Crotone,IT,2022-09-25 22:45:28,39.0851,17.1178,72.86,75,100,18.84,overcast clouds
584,Rabaul,PG,2022-09-25 22:45:29,-4.1967,152.1721,82.0,71,3,2.19,clear sky
585,Sambava,MG,2022-09-25 22:45:29,-14.2667,50.1667,68.04,86,54,11.86,broken clouds
586,Chernyshevskiy,RU,2022-09-25 22:45:29,63.0128,112.4714,26.2,73,32,2.28,scattered clouds
587,Novikovo,RU,2022-09-25 22:45:30,51.1537,37.8879,45.36,80,47,11.25,scattered clouds
588,Rincon,US,2022-09-25 22:41:59,32.296,-81.2354,82.36,47,40,9.22,scattered clouds
589,Buldana,IN,2022-09-25 22:45:30,20.5333,76.1833,69.93,92,98,4.56,overcast clouds
590,Kysyl-Syr,RU,2022-09-25 22:45:30,63.8986,122.7617,32.85,96,100,5.95,overcast clouds
591,Lafia,NG,2022-09-25 22:45:31,8.4833,8.5167,73.81,95,78,2.57,moderate rain
592,Moerai,PF,2022-09-25 22:45:31,-22.4333,-151.3333,72.61,73,94,17.74,overcast clouds
593,Bar Harbor,US,2022-09-25 22:42:41,44.3876,-68.2039,59.65,80,20,10.36,few clouds
594,Iwanai,JP,2022-09-25 22:45:31,42.9744,140.5089,63.9,73,87,2.86,overcast clouds
595,Claresholm,CA,2022-09-25 22:45:22,50.0333,-113.5852,78.71,21,5,4.61,clear sky
596,Xinzhou,CN,2022-09-25 22:45:32,38.4092,112.7333,56.03,55,0,0.85,clear sky
597,North Augusta,US,2022-09-25 22:45:32,33.5018,-81.9651,83.52,57,20,9.22,few clouds
598,Nago,JP,2022-09-25 22:45:32,26.5881,127.9761,79.65,83,18,9.01,few clouds
599,Sechura,PE,2022-09-25 22:45:33,-5.5569,-80.8222,67.68,65,100,18.41,overcast clouds
600,Grojec,PL,2022-09-25 22:45:33,51.8625,20.8676,53.38,62,87,3.29,overcast clouds
601,Leningradskiy,RU,2022-09-25 22:46:33,69.3833,178.4167,32.81,91,100,7.0,light snow
602,Xiaoshi,CN,2022-09-25 22:46:34,41.2971,124.1209,56.86,86,0,2.44,clear sky
603,Ahipara,NZ,2022-09-25 22:46:34,-35.1667,173.1667,63.59,66,100,14.45,overcast clouds
604,Chara,RU,2022-09-25 22:46:34,56.9064,118.2631,32.9,64,73,2.59,broken clouds
605,Maiduguri,NG,2022-09-25 22:46:35,11.8464,13.1603,81.34,59,18,5.91,few clouds
606,Uarini,BR,2022-09-25 22:46:35,-2.99,-65.1083,78.69,76,54,2.77,broken clouds
607,Vao,NC,2022-09-25 22:46:35,-22.6667,167.4833,73.81,79,5,7.56,clear sky
608,Tautira,PF,2022-09-25 22:46:35,-17.7333,-149.15,76.44,79,39,21.88,light rain
609,Phan Thiet,VN,2022-09-25 22:46:36,10.9333,108.1,76.42,85,100,6.35,light rain
610,Kurilsk,RU,2022-09-25 22:46:36,45.2333,147.8833,58.82,77,100,1.88,overcast clouds
611,Canete,CL,2022-09-25 22:46:36,-37.8,-73.4,47.03,85,87,4.03,overcast clouds
612,Narsaq,GL,2022-09-25 22:46:37,60.9167,-46.05,50.22,99,93,3.11,heavy intensity rain
613,Strelka,RU,2022-09-25 22:46:37,58.0728,93.0344,34.07,99,100,4.43,light snow
614,Wagga Wagga,AU,2022-09-25 22:46:37,-35.1167,147.3667,52.84,75,100,4.56,overcast clouds
615,Kuito,AO,2022-09-25 22:46:38,-12.3833,16.9333,66.25,59,66,6.15,broken clouds
616,Llata,PE,2022-09-25 22:46:38,-9.4167,-76.7833,54.27,83,74,6.11,broken clouds
617,Buluang,PH,2022-09-25 22:46:39,13.3068,123.3425,78.35,92,100,3.76,overcast clouds
618,Inhambane,MZ,2022-09-25 22:46:39,-23.865,35.3833,71.31,89,0,9.82,clear sky
619,Oranjemund,NA,2022-09-25 22:46:39,-28.55,16.4333,54.46,81,97,5.7,overcast clouds
620,Capitan Bado,PY,2022-09-25 22:46:39,-23.2667,-55.5333,63.39,97,92,8.3,overcast clouds
621,Yeppoon,AU,2022-09-25 22:46:40,-23.1333,150.7333,73.18,67,0,6.53,clear sky
622,Petauke,ZM,2022-09-25 22:46:40,-14.2426,31.3253,68.05,45,23,4.72,few clouds
623,Ambon,ID,2022-09-25 22:46:41,-3.6954,128.1814,78.94,89,40,4.61,light rain
624,Mikhaylovka,RU,2022-09-25 22:46:41,50.06,43.2379,49.69,77,56,14.38,broken clouds
625,Teruel,ES,2022-09-25 22:46:41,40.6667,-0.6667,47.1,65,77,3.87,broken clouds
626,Erzin,TR,2022-09-25 22:46:41,36.9559,36.2,69.64,29,0,2.98,clear sky
627,Damietta,EG,2022-09-25 22:46:42,31.4165,31.8133,78.69,65,5,11.14,clear sky
628,Osijek,HR,2022-09-25 22:46:42,45.5511,18.6939,60.42,94,0,8.05,clear sky
629,Susanville,US,2022-09-25 22:46:37,40.4163,-120.653,85.66,20,0,4.61,clear sky
630,Vila,PT,2022-09-25 22:46:43,42.0304,-8.1588,47.28,74,2,5.53,clear sky
631,Kitale,KE,2022-09-25 22:46:43,1.0157,35.0062,57.06,80,80,1.32,broken clouds
632,Umm Kaddadah,SD,2022-09-25 22:46:43,13.6017,26.6876,77.79,61,93,17.38,light rain
633,Kharp,RU,2022-09-25 22:46:44,66.8014,65.8081,26.55,77,8,3.78,clear sky
634,Gombong,ID,2022-09-25 22:46:44,-7.6072,109.5142,74.98,90,57,4.36,broken clouds
635,Jiazi,CN,2022-09-25 22:46:44,22.8779,116.067,76.78,79,22,14.43,few clouds
636,Blyznyuky,UA,2022-09-25 22:46:46,48.8578,36.5551,49.8,63,79,6.53,broken clouds
637,Erenhot,CN,2022-09-25 22:46:46,43.6475,111.9767,56.25,41,47,2.73,scattered clouds
638,Aurora,US,2022-09-25 22:45:23,39.7294,-104.8319,78.28,26,20,10.36,few clouds
639,Tilichiki,RU,2022-09-25 22:46:46,60.4667,166.1,37.08,96,100,8.3,light rain
640,Jizan,SA,2022-09-25 22:42:11,17.3333,42.6667,88.74,62,44,1.43,scattered clouds
641,Villa Sandino,NI,2022-09-25 22:46:47,12.0483,-84.9936,81.77,87,81,4.05,broken clouds
642,Santa Ana,US,2022-09-25 22:45:37,33.7456,-117.8678,102.87,40,40,9.22,scattered clouds
643,Robertsport,LR,2022-09-25 22:46:47,6.7533,-11.3686,76.8,85,100,10.07,moderate rain
644,Camana,PE,2022-09-25 22:46:47,-16.6228,-72.7111,61.29,82,18,12.21,few clouds
645,Qingyuan,CN,2022-09-25 22:46:48,23.7,113.0333,78.78,72,5,3.96,clear sky
646,Korla,CN,2022-09-25 22:47:48,41.7597,86.1469,66.52,41,38,3.71,scattered clouds
647,Kedgwick,CA,2022-09-25 22:47:48,47.6446,-67.3434,51.42,82,98,4.45,overcast clouds
648,Yakeshi,CN,2022-09-25 22:47:49,49.2833,120.7333,37.35,44,95,5.88,light rain
649,Souillac,MU,2022-09-25 22:47:49,-20.5167,57.5167,70.18,83,40,8.05,scattered clouds
650,Guadalupe Y Calvo,MX,2022-09-25 22:47:49,26.1,-106.9667,71.85,33,25,5.77,scattered clouds
651,Cayenne,GF,2022-09-25 22:47:50,4.9333,-52.3333,80.64,78,0,6.91,clear sky
652,Araouane,ML,2022-09-25 22:47:50,18.9048,-3.5265,96.85,21,11,7.14,few clouds
653,Road Town,VG,2022-09-25 22:47:50,18.4167,-64.6167,84.29,79,40,9.22,scattered clouds
654,Sola,VU,2022-09-25 22:47:50,-13.8833,167.55,81.09,75,11,12.57,few clouds
655,Banjar,ID,2022-09-25 22:47:51,-8.19,114.9675,76.73,85,93,8.59,overcast clouds
656,Shizuishan,CN,2022-09-25 22:47:51,39.2333,106.7694,60.75,43,0,3.96,clear sky
657,San Francisco De Macoris,DO,2022-09-25 22:47:51,19.2952,-70.2554,88.48,84,96,6.62,overcast clouds
658,Launceston,AU,2022-09-25 22:46:02,-41.45,147.1667,49.64,86,75,2.3,broken clouds
659,Aswan,EG,2022-09-25 22:47:52,24.0934,32.907,90.7,17,0,6.91,clear sky
660,Camacha,PT,2022-09-25 22:47:52,33.0833,-16.3333,67.42,68,40,14.97,scattered clouds
661,Krasnoselkup,RU,2022-09-25 22:47:52,65.7,82.4667,25.52,85,98,15.52,overcast clouds
662,Ondjiva,AO,2022-09-25 22:47:53,-17.0667,15.7333,68.68,19,36,7.27,scattered clouds
663,Baherden,TM,2022-09-25 22:47:53,38.4362,57.4316,71.47,52,0,6.98,clear sky
664,Dosso,NE,2022-09-25 22:47:53,13.049,3.1937,84.79,57,43,7.85,scattered clouds
665,Contamana,PE,2022-09-25 22:47:54,-7.3333,-75.0167,88.59,42,79,3.98,broken clouds
666,Nuuk,GL,2022-09-25 22:47:54,64.1835,-51.7216,39.81,87,100,18.41,light rain
667,Gizo,SB,2022-09-25 22:47:54,-8.103,156.8419,83.32,68,62,4.27,broken clouds
668,Sheridan,US,2022-09-25 22:47:54,44.8333,-106.9173,75.69,31,0,6.91,clear sky
